app,category,review,rating,true_sentiment
Figma,Design Tool,"The interface is super clean and intuitive, love it!",5,positive
Figma,Design Tool,"Great UX, everything is where you expect it to be.",4,positive
Figma,Design Tool,The search is fast and results are always relevant.,4,positive
Figma,Design Tool,"The interface is super clean and intuitive, love it!",4,positive
Figma,Design Tool,"Smooth experience, no bugs, highly recommend.",4,positive
Figma,Design Tool,The search is fast and results are always relevant.,5,positive
Figma,Design Tool,Very polished. Updates keep making it better.,5,positive
Figma,Design Tool,"It is okay, does the job but nothing special.",3,neutral
Figma,Design Tool,"Some features are great, others feel unfinished.",3,neutral
Figma,Design Tool,Beautiful design and very responsive.,5,positive
Figma,Design Tool,Beautiful design and very responsive.,4,positive
Figma,Design Tool,Exactly what I needed. Simple and works perfectly.,5,positive
Figma,Design Tool,Good concept but the execution needs work.,3,neutral
Figma,Design Tool,"The interface is super clean and intuitive, love it!",5,positive
Figma,Design Tool,"Best app in its category, the navigation makes sense.",4,positive
Figma,Design Tool,Very polished. Updates keep making it better.,5,positive
Figma,Design Tool,Exactly what I needed. Simple and works perfectly.,4,positive
Figma,Design Tool,The onboarding was seamless and well-designed.,4,positive
Figma,Design Tool,"It is okay, does the job but nothing special.",3,neutral
Figma,Design Tool,"Thoughtful design, love the attention to detail.",5,positive
Figma,Design Tool,Beautiful design and very responsive.,4,positive
Figma,Design Tool,Exactly what I needed. Simple and works perfectly.,4,positive
Figma,Design Tool,"Smooth experience, no bugs, highly recommend.",4,positive
Figma,Design Tool,The onboarding was seamless and well-designed.,4,positive
Figma,Design Tool,"The interface is super clean and intuitive, love it!",4,positive
Figma,Design Tool,"Decent app, could use some UI improvements.",3,neutral
Figma,Design Tool,Exactly what I needed. Simple and works perfectly.,4,positive
Figma,Design Tool,"The recent redesign made things worse, not better.",2,negative
Figma,Design Tool,"Thoughtful design, love the attention to detail.",5,positive
Figma,Design Tool,Settings are buried under too many menus.,1,negative
Figma,Design Tool,"Smooth experience, no bugs, highly recommend.",5,positive
Figma,Design Tool,"Works as expected, nothing groundbreaking.",3,neutral
Figma,Design Tool,"Slow loading times, the app freezes constantly.",2,negative
Figma,Design Tool,"Great UX, everything is where you expect it to be.",5,positive
Figma,Design Tool,"The interface is super clean and intuitive, love it!",4,positive
Figma,Design Tool,"Great UX, everything is where you expect it to be.",5,positive
Figma,Design Tool,"Best app in its category, the navigation makes sense.",5,positive
Figma,Design Tool,"Thoughtful design, love the attention to detail.",5,positive
Figma,Design Tool,"Way too many ads, completely ruins the experience.",1,negative
Figma,Design Tool,The search is fast and results are always relevant.,5,positive
Figma,Design Tool,"Decent app, could use some UI improvements.",3,neutral
Figma,Design Tool,"Best app in its category, the navigation makes sense.",4,positive
Figma,Design Tool,The onboarding was seamless and well-designed.,4,positive
Figma,Design Tool,Exactly what I needed. Simple and works perfectly.,5,positive
Figma,Design Tool,Good concept but the execution needs work.,3,neutral
Figma,Design Tool,"Great UX, everything is where you expect it to be.",5,positive
Figma,Design Tool,Good concept but the execution needs work.,3,neutral
Figma,Design Tool,Notifications are impossible to configure.,1,negative
Figma,Design Tool,"Thoughtful design, love the attention to detail.",4,positive
Figma,Design Tool,Beautiful design and very responsive.,5,positive
Figma,Design Tool,"Smooth experience, no bugs, highly recommend.",4,positive
Figma,Design Tool,"Thoughtful design, love the attention to detail.",4,positive
Figma,Design Tool,Notifications are impossible to configure.,1,negative
Figma,Design Tool,"Thoughtful design, love the attention to detail.",4,positive
Figma,Design Tool,Very polished. Updates keep making it better.,5,positive
Figma,Design Tool,Notifications are impossible to configure.,1,negative
Figma,Design Tool,"Best app in its category, the navigation makes sense.",5,positive
Figma,Design Tool,The search is fast and results are always relevant.,5,positive
Figma,Design Tool,"Smooth experience, no bugs, highly recommend.",4,positive
Figma,Design Tool,Very polished. Updates keep making it better.,4,positive
Figma,Design Tool,"The interface is super clean and intuitive, love it!",4,positive
Figma,Design Tool,"The interface is super clean and intuitive, love it!",4,positive
Figma,Design Tool,"The interface is super clean and intuitive, love it!",5,positive
Figma,Design Tool,"Smooth experience, no bugs, highly recommend.",5,positive
Figma,Design Tool,"Smooth experience, no bugs, highly recommend.",4,positive
Figma,Design Tool,Good concept but the execution needs work.,3,neutral
Figma,Design Tool,"Smooth experience, no bugs, highly recommend.",5,positive
Figma,Design Tool,"Some features are great, others feel unfinished.",3,neutral
Figma,Design Tool,"Best app in its category, the navigation makes sense.",5,positive
Figma,Design Tool,"Thoughtful design, love the attention to detail.",4,positive
Figma,Design Tool,Exactly what I needed. Simple and works perfectly.,4,positive
Figma,Design Tool,Beautiful design and very responsive.,4,positive
Figma,Design Tool,"Smooth experience, no bugs, highly recommend.",5,positive
Figma,Design Tool,"Great UX, everything is where you expect it to be.",5,positive
Figma,Design Tool,Exactly what I needed. Simple and works perfectly.,5,positive
Figma,Design Tool,Good concept but the execution needs work.,3,neutral
Figma,Design Tool,The search is fast and results are always relevant.,4,positive
Figma,Design Tool,"Keeps crashing on my device, unusable.",1,negative
Figma,Design Tool,"Thoughtful design, love the attention to detail.",4,positive
Figma,Design Tool,"It is okay, does the job but nothing special.",3,neutral
Figma,Design Tool,"The interface is super clean and intuitive, love it!",5,positive
Figma,Design Tool,"Thoughtful design, love the attention to detail.",5,positive
Figma,Design Tool,The search is fast and results are always relevant.,5,positive
Figma,Design Tool,The onboarding was seamless and well-designed.,4,positive
Figma,Design Tool,"The recent redesign made things worse, not better.",1,negative
Figma,Design Tool,"It is okay, does the job but nothing special.",3,neutral
Figma,Design Tool,"Thoughtful design, love the attention to detail.",4,positive
Figma,Design Tool,The search is fast and results are always relevant.,4,positive
Figma,Design Tool,"It is okay, does the job but nothing special.",3,neutral
Figma,Design Tool,"Smooth experience, no bugs, highly recommend.",5,positive
Figma,Design Tool,Very polished. Updates keep making it better.,4,positive
Figma,Design Tool,"The interface is super clean and intuitive, love it!",4,positive
Figma,Design Tool,Very polished. Updates keep making it better.,5,positive
Figma,Design Tool,"Keeps crashing on my device, unusable.",2,negative
Figma,Design Tool,"Best app in its category, the navigation makes sense.",4,positive
Figma,Design Tool,The onboarding was seamless and well-designed.,5,positive
Figma,Design Tool,Exactly what I needed. Simple and works perfectly.,4,positive
Figma,Design Tool,Very polished. Updates keep making it better.,4,positive
Figma,Design Tool,"Smooth experience, no bugs, highly recommend.",5,positive
Figma,Design Tool,Beautiful design and very responsive.,4,positive
Figma,Design Tool,Too many steps to do simple things.,2,negative
Figma,Design Tool,The search is fast and results are always relevant.,5,positive
Figma,Design Tool,The search is fast and results are always relevant.,4,positive
Figma,Design Tool,The search is fast and results are always relevant.,5,positive
Figma,Design Tool,"The new update broke everything, please revert.",1,negative
Figma,Design Tool,Exactly what I needed. Simple and works perfectly.,4,positive
Figma,Design Tool,Very polished. Updates keep making it better.,4,positive
Figma,Design Tool,"Smooth experience, no bugs, highly recommend.",5,positive
Figma,Design Tool,The onboarding was seamless and well-designed.,4,positive
Figma,Design Tool,"Best app in its category, the navigation makes sense.",5,positive
Figma,Design Tool,Beautiful design and very responsive.,4,positive
Figma,Design Tool,The onboarding was seamless and well-designed.,4,positive
Figma,Design Tool,Good concept but the execution needs work.,3,neutral
Figma,Design Tool,The search is fast and results are always relevant.,4,positive
Figma,Design Tool,"Great UX, everything is where you expect it to be.",4,positive
Figma,Design Tool,Good concept but the execution needs work.,3,neutral
Figma,Design Tool,"Best app in its category, the navigation makes sense.",4,positive
Figma,Design Tool,Beautiful design and very responsive.,4,positive
Figma,Design Tool,"Keeps crashing on my device, unusable.",1,negative
Figma,Design Tool,Beautiful design and very responsive.,5,positive
Figma,Design Tool,"Hard to find basic features, navigation is confusing.",1,negative
Figma,Design Tool,"Some features are great, others feel unfinished.",3,neutral
Figma,Design Tool,"Way too many ads, completely ruins the experience.",1,negative
Figma,Design Tool,"Decent app, could use some UI improvements.",3,neutral
Figma,Design Tool,"Works as expected, nothing groundbreaking.",3,neutral
Figma,Design Tool,"Some features are great, others feel unfinished.",3,neutral
Figma,Design Tool,Exactly what I needed. Simple and works perfectly.,5,positive
Figma,Design Tool,Settings are buried under too many menus.,1,negative
Figma,Design Tool,"Thoughtful design, love the attention to detail.",5,positive
Figma,Design Tool,"Smooth experience, no bugs, highly recommend.",4,positive
Figma,Design Tool,"Smooth experience, no bugs, highly recommend.",5,positive
Figma,Design Tool,Exactly what I needed. Simple and works perfectly.,5,positive
Figma,Design Tool,The search is fast and results are always relevant.,5,positive
Figma,Design Tool,The search is fast and results are always relevant.,5,positive
Figma,Design Tool,"The new update broke everything, please revert.",2,negative
Figma,Design Tool,The onboarding was seamless and well-designed.,4,positive
Figma,Design Tool,"Best app in its category, the navigation makes sense.",5,positive
Figma,Design Tool,"Decent app, could use some UI improvements.",3,neutral
Figma,Design Tool,The search is fast and results are always relevant.,4,positive
Figma,Design Tool,Very polished. Updates keep making it better.,4,positive
Figma,Design Tool,"Best app in its category, the navigation makes sense.",4,positive
Figma,Design Tool,The search is fast and results are always relevant.,4,positive
Figma,Design Tool,Exactly what I needed. Simple and works perfectly.,5,positive
Figma,Design Tool,Exactly what I needed. Simple and works perfectly.,5,positive
Figma,Design Tool,"Best app in its category, the navigation makes sense.",5,positive
Figma,Design Tool,The onboarding was seamless and well-designed.,4,positive
Figma,Design Tool,"Best app in its category, the navigation makes sense.",4,positive
Figma,Design Tool,The onboarding was seamless and well-designed.,5,positive
Figma,Design Tool,"The interface is super clean and intuitive, love it!",5,positive
Figma,Design Tool,"Best app in its category, the navigation makes sense.",5,positive
Figma,Design Tool,"Thoughtful design, love the attention to detail.",4,positive
Figma,Design Tool,"Great UX, everything is where you expect it to be.",4,positive
Figma,Design Tool,Very polished. Updates keep making it better.,5,positive
Figma,Design Tool,"Smooth experience, no bugs, highly recommend.",5,positive
Figma,Design Tool,"Smooth experience, no bugs, highly recommend.",4,positive
Figma,Design Tool,"Smooth experience, no bugs, highly recommend.",5,positive
Figma,Design Tool,Exactly what I needed. Simple and works perfectly.,5,positive
Figma,Design Tool,Very polished. Updates keep making it better.,4,positive
Figma,Design Tool,"Best app in its category, the navigation makes sense.",5,positive
Figma,Design Tool,"Great UX, everything is where you expect it to be.",4,positive
Figma,Design Tool,"The new update broke everything, please revert.",2,negative
Figma,Design Tool,The search is fast and results are always relevant.,5,positive
Figma,Design Tool,"Smooth experience, no bugs, highly recommend.",4,positive
Figma,Design Tool,"Thoughtful design, love the attention to detail.",5,positive
Figma,Design Tool,Settings are buried under too many menus.,2,negative
Figma,Design Tool,Good concept but the execution needs work.,3,neutral
Figma,Design Tool,"Great UX, everything is where you expect it to be.",5,positive
Figma,Design Tool,"Smooth experience, no bugs, highly recommend.",5,positive
Figma,Design Tool,Good concept but the execution needs work.,3,neutral
Figma,Design Tool,"Smooth experience, no bugs, highly recommend.",5,positive
Figma,Design Tool,The onboarding was seamless and well-designed.,4,positive
Figma,Design Tool,Beautiful design and very responsive.,4,positive
Figma,Design Tool,"Smooth experience, no bugs, highly recommend.",5,positive
Figma,Design Tool,"Smooth experience, no bugs, highly recommend.",4,positive
Figma,Design Tool,Beautiful design and very responsive.,5,positive
Figma,Design Tool,"Smooth experience, no bugs, highly recommend.",5,positive
Figma,Design Tool,Very polished. Updates keep making it better.,4,positive
Figma,Design Tool,Good concept but the execution needs work.,3,neutral
Figma,Design Tool,"The interface is super clean and intuitive, love it!",5,positive
Figma,Design Tool,"Best app in its category, the navigation makes sense.",5,positive
Notion,Productivity,The search is fast and results are always relevant.,4,positive
Notion,Productivity,The onboarding was seamless and well-designed.,5,positive
Notion,Productivity,"Best app in its category, the navigation makes sense.",5,positive
Notion,Productivity,"Best app in its category, the navigation makes sense.",4,positive
Notion,Productivity,"Hard to find basic features, navigation is confusing.",1,negative
Notion,Productivity,"The recent redesign made things worse, not better.",1,negative
Notion,Productivity,"Best app in its category, the navigation makes sense.",4,positive
Notion,Productivity,"Hard to find basic features, navigation is confusing.",1,negative
Notion,Productivity,Beautiful design and very responsive.,4,positive
Notion,Productivity,Beautiful design and very responsive.,5,positive
Notion,Productivity,"Best app in its category, the navigation makes sense.",5,positive
Notion,Productivity,Settings are buried under too many menus.,1,negative
Notion,Productivity,"It is okay, does the job but nothing special.",3,neutral
Notion,Productivity,Too many steps to do simple things.,1,negative
Notion,Productivity,"The interface is super clean and intuitive, love it!",4,positive
Notion,Productivity,"Keeps crashing on my device, unusable.",1,negative
Notion,Productivity,"Smooth experience, no bugs, highly recommend.",4,positive
Notion,Productivity,Exactly what I needed. Simple and works perfectly.,4,positive
Notion,Productivity,The onboarding was seamless and well-designed.,5,positive
Notion,Productivity,Very polished. Updates keep making it better.,4,positive
Notion,Productivity,"Some features are great, others feel unfinished.",3,neutral
Notion,Productivity,"The new update broke everything, please revert.",1,negative
Notion,Productivity,"The recent redesign made things worse, not better.",2,negative
Notion,Productivity,"Smooth experience, no bugs, highly recommend.",4,positive
Notion,Productivity,"Smooth experience, no bugs, highly recommend.",4,positive
Notion,Productivity,"Decent app, could use some UI improvements.",3,neutral
Notion,Productivity,"The recent redesign made things worse, not better.",1,negative
Notion,Productivity,Good concept but the execution needs work.,3,neutral
Notion,Productivity,"Decent app, could use some UI improvements.",3,neutral
Notion,Productivity,Beautiful design and very responsive.,4,positive
Notion,Productivity,Beautiful design and very responsive.,4,positive
Notion,Productivity,Settings are buried under too many menus.,1,negative
Notion,Productivity,Beautiful design and very responsive.,5,positive
Notion,Productivity,"Works as expected, nothing groundbreaking.",3,neutral
Notion,Productivity,The search is fast and results are always relevant.,5,positive
Notion,Productivity,The search is fast and results are always relevant.,5,positive
Notion,Productivity,Very polished. Updates keep making it better.,5,positive
Notion,Productivity,"Smooth experience, no bugs, highly recommend.",4,positive
Notion,Productivity,"Thoughtful design, love the attention to detail.",4,positive
Notion,Productivity,Good concept but the execution needs work.,3,neutral
Notion,Productivity,"Best app in its category, the navigation makes sense.",5,positive
Notion,Productivity,Beautiful design and very responsive.,4,positive
Notion,Productivity,Beautiful design and very responsive.,5,positive
Notion,Productivity,Very polished. Updates keep making it better.,5,positive
Notion,Productivity,The search is fast and results are always relevant.,4,positive
Notion,Productivity,"Best app in its category, the navigation makes sense.",5,positive
Notion,Productivity,"Smooth experience, no bugs, highly recommend.",5,positive
Notion,Productivity,"Thoughtful design, love the attention to detail.",5,positive
Notion,Productivity,"It is okay, does the job but nothing special.",3,neutral
Notion,Productivity,"Best app in its category, the navigation makes sense.",4,positive
Notion,Productivity,Very polished. Updates keep making it better.,5,positive
Notion,Productivity,The search is fast and results are always relevant.,5,positive
Notion,Productivity,The search is fast and results are always relevant.,5,positive
Notion,Productivity,"Thoughtful design, love the attention to detail.",5,positive
Notion,Productivity,"Smooth experience, no bugs, highly recommend.",4,positive
Notion,Productivity,"Decent app, could use some UI improvements.",3,neutral
Notion,Productivity,The search is fast and results are always relevant.,4,positive
Notion,Productivity,"Thoughtful design, love the attention to detail.",5,positive
Notion,Productivity,Good concept but the execution needs work.,3,neutral
Notion,Productivity,Exactly what I needed. Simple and works perfectly.,4,positive
Notion,Productivity,Beautiful design and very responsive.,4,positive
Notion,Productivity,The search is fast and results are always relevant.,4,positive
Notion,Productivity,"The interface is super clean and intuitive, love it!",5,positive
Notion,Productivity,"Some features are great, others feel unfinished.",3,neutral
Notion,Productivity,"Thoughtful design, love the attention to detail.",4,positive
Notion,Productivity,"The recent redesign made things worse, not better.",2,negative
Notion,Productivity,"Thoughtful design, love the attention to detail.",5,positive
Notion,Productivity,"The interface is super clean and intuitive, love it!",5,positive
Notion,Productivity,Settings are buried under too many menus.,1,negative
Notion,Productivity,"Works as expected, nothing groundbreaking.",3,neutral
Notion,Productivity,Very polished. Updates keep making it better.,4,positive
Notion,Productivity,Very polished. Updates keep making it better.,5,positive
Notion,Productivity,"Smooth experience, no bugs, highly recommend.",4,positive
Notion,Productivity,"Best app in its category, the navigation makes sense.",4,positive
Notion,Productivity,"Works as expected, nothing groundbreaking.",3,neutral
Notion,Productivity,"Thoughtful design, love the attention to detail.",5,positive
Notion,Productivity,"Slow loading times, the app freezes constantly.",2,negative
Notion,Productivity,"The interface is super clean and intuitive, love it!",4,positive
Notion,Productivity,"Keeps crashing on my device, unusable.",1,negative
Notion,Productivity,Exactly what I needed. Simple and works perfectly.,4,positive
Notion,Productivity,The search is fast and results are always relevant.,4,positive
Notion,Productivity,"Best app in its category, the navigation makes sense.",5,positive
Notion,Productivity,"Works as expected, nothing groundbreaking.",3,neutral
Notion,Productivity,"Smooth experience, no bugs, highly recommend.",5,positive
Notion,Productivity,"Works as expected, nothing groundbreaking.",3,neutral
Notion,Productivity,"Smooth experience, no bugs, highly recommend.",5,positive
Notion,Productivity,Good concept but the execution needs work.,3,neutral
Notion,Productivity,"Smooth experience, no bugs, highly recommend.",5,positive
Notion,Productivity,"Smooth experience, no bugs, highly recommend.",4,positive
Notion,Productivity,"Hard to find basic features, navigation is confusing.",1,negative
Notion,Productivity,The onboarding was seamless and well-designed.,5,positive
Notion,Productivity,"Thoughtful design, love the attention to detail.",5,positive
Notion,Productivity,"Decent app, could use some UI improvements.",3,neutral
Notion,Productivity,"Thoughtful design, love the attention to detail.",5,positive
Notion,Productivity,"The interface is super clean and intuitive, love it!",5,positive
Notion,Productivity,Good concept but the execution needs work.,3,neutral
Notion,Productivity,Exactly what I needed. Simple and works perfectly.,4,positive
Notion,Productivity,"The recent redesign made things worse, not better.",1,negative
Notion,Productivity,The UI looks outdated and cluttered.,1,negative
Notion,Productivity,"Some features are great, others feel unfinished.",3,neutral
Notion,Productivity,"Thoughtful design, love the attention to detail.",5,positive
Notion,Productivity,Very polished. Updates keep making it better.,5,positive
Notion,Productivity,"Thoughtful design, love the attention to detail.",4,positive
Notion,Productivity,"Best app in its category, the navigation makes sense.",5,positive
Notion,Productivity,Exactly what I needed. Simple and works perfectly.,4,positive
Notion,Productivity,"Thoughtful design, love the attention to detail.",5,positive
Notion,Productivity,"Best app in its category, the navigation makes sense.",4,positive
Notion,Productivity,Beautiful design and very responsive.,5,positive
Notion,Productivity,"Best app in its category, the navigation makes sense.",4,positive
Notion,Productivity,The search is fast and results are always relevant.,5,positive
Notion,Productivity,"Smooth experience, no bugs, highly recommend.",5,positive
Notion,Productivity,"Thoughtful design, love the attention to detail.",5,positive
Notion,Productivity,"Some features are great, others feel unfinished.",3,neutral
Notion,Productivity,"Great UX, everything is where you expect it to be.",5,positive
Notion,Productivity,"Thoughtful design, love the attention to detail.",4,positive
Notion,Productivity,Very polished. Updates keep making it better.,4,positive
Notion,Productivity,"Decent app, could use some UI improvements.",3,neutral
Notion,Productivity,The search is fast and results are always relevant.,5,positive
Notion,Productivity,Exactly what I needed. Simple and works perfectly.,5,positive
Notion,Productivity,"Hard to find basic features, navigation is confusing.",2,negative
Notion,Productivity,The UI looks outdated and cluttered.,2,negative
Notion,Productivity,"Thoughtful design, love the attention to detail.",5,positive
Notion,Productivity,The search is fast and results are always relevant.,4,positive
Notion,Productivity,Very polished. Updates keep making it better.,4,positive
Notion,Productivity,The UI looks outdated and cluttered.,2,negative
Notion,Productivity,The search is fast and results are always relevant.,5,positive
Notion,Productivity,"Decent app, could use some UI improvements.",3,neutral
Notion,Productivity,Good concept but the execution needs work.,3,neutral
Notion,Productivity,"Thoughtful design, love the attention to detail.",4,positive
Notion,Productivity,"Thoughtful design, love the attention to detail.",5,positive
Notion,Productivity,The search is fast and results are always relevant.,5,positive
Notion,Productivity,Beautiful design and very responsive.,4,positive
Notion,Productivity,"Keeps crashing on my device, unusable.",2,negative
Notion,Productivity,"Best app in its category, the navigation makes sense.",4,positive
Notion,Productivity,"Thoughtful design, love the attention to detail.",5,positive
Notion,Productivity,"Great UX, everything is where you expect it to be.",5,positive
Notion,Productivity,"Hard to find basic features, navigation is confusing.",2,negative
Notion,Productivity,Settings are buried under too many menus.,1,negative
Notion,Productivity,"Thoughtful design, love the attention to detail.",4,positive
Notion,Productivity,"Works as expected, nothing groundbreaking.",3,neutral
Notion,Productivity,"Hard to find basic features, navigation is confusing.",1,negative
Notion,Productivity,The onboarding was seamless and well-designed.,5,positive
Notion,Productivity,"Best app in its category, the navigation makes sense.",4,positive
Notion,Productivity,Notifications are impossible to configure.,2,negative
Notion,Productivity,Settings are buried under too many menus.,1,negative
Notion,Productivity,"Smooth experience, no bugs, highly recommend.",5,positive
Notion,Productivity,"The new update broke everything, please revert.",2,negative
Notion,Productivity,"The new update broke everything, please revert.",2,negative
Notion,Productivity,The onboarding was seamless and well-designed.,4,positive
Notion,Productivity,"The interface is super clean and intuitive, love it!",5,positive
Notion,Productivity,"Best app in its category, the navigation makes sense.",4,positive
Notion,Productivity,"Best app in its category, the navigation makes sense.",4,positive
Notion,Productivity,Exactly what I needed. Simple and works perfectly.,5,positive
Notion,Productivity,"Smooth experience, no bugs, highly recommend.",5,positive
Notion,Productivity,"Hard to find basic features, navigation is confusing.",1,negative
Notion,Productivity,The onboarding was seamless and well-designed.,5,positive
Notion,Productivity,"The interface is super clean and intuitive, love it!",5,positive
Notion,Productivity,Notifications are impossible to configure.,1,negative
Notion,Productivity,Beautiful design and very responsive.,5,positive
Notion,Productivity,"Best app in its category, the navigation makes sense.",5,positive
Spotify,Entertainment,The onboarding was seamless and well-designed.,4,positive
Spotify,Entertainment,Settings are buried under too many menus.,1,negative
Spotify,Entertainment,Very polished. Updates keep making it better.,5,positive
Spotify,Entertainment,The onboarding was seamless and well-designed.,4,positive
Spotify,Entertainment,"Slow loading times, the app freezes constantly.",2,negative
Spotify,Entertainment,"The interface is super clean and intuitive, love it!",5,positive
Spotify,Entertainment,The UI looks outdated and cluttered.,1,negative
Spotify,Entertainment,Beautiful design and very responsive.,4,positive
Spotify,Entertainment,Good concept but the execution needs work.,3,neutral
Spotify,Entertainment,"Great UX, everything is where you expect it to be.",4,positive
Spotify,Entertainment,"Way too many ads, completely ruins the experience.",2,negative
Spotify,Entertainment,"Way too many ads, completely ruins the experience.",2,negative
Spotify,Entertainment,"It is okay, does the job but nothing special.",3,neutral
Spotify,Entertainment,Too many steps to do simple things.,2,negative
Spotify,Entertainment,"Great UX, everything is where you expect it to be.",5,positive
Spotify,Entertainment,The onboarding was seamless and well-designed.,4,positive
Spotify,Entertainment,"Thoughtful design, love the attention to detail.",5,positive
Spotify,Entertainment,"Decent app, could use some UI improvements.",3,neutral
Spotify,Entertainment,Settings are buried under too many menus.,1,negative
Spotify,Entertainment,"Smooth experience, no bugs, highly recommend.",5,positive
Spotify,Entertainment,Notifications are impossible to configure.,2,negative
Spotify,Entertainment,"Best app in its category, the navigation makes sense.",4,positive
Spotify,Entertainment,Exactly what I needed. Simple and works perfectly.,5,positive
Spotify,Entertainment,The onboarding was seamless and well-designed.,5,positive
Spotify,Entertainment,Too many steps to do simple things.,1,negative
Spotify,Entertainment,"Works as expected, nothing groundbreaking.",3,neutral
Spotify,Entertainment,The search is fast and results are always relevant.,5,positive
Spotify,Entertainment,"Keeps crashing on my device, unusable.",1,negative
Spotify,Entertainment,"Works as expected, nothing groundbreaking.",3,neutral
Spotify,Entertainment,The UI looks outdated and cluttered.,2,negative
Spotify,Entertainment,"The interface is super clean and intuitive, love it!",4,positive
Spotify,Entertainment,"Thoughtful design, love the attention to detail.",4,positive
Spotify,Entertainment,The search is fast and results are always relevant.,4,positive
Spotify,Entertainment,Beautiful design and very responsive.,5,positive
Spotify,Entertainment,"Great UX, everything is where you expect it to be.",5,positive
Spotify,Entertainment,"Works as expected, nothing groundbreaking.",3,neutral
Spotify,Entertainment,"Decent app, could use some UI improvements.",3,neutral
Spotify,Entertainment,Beautiful design and very responsive.,4,positive
Spotify,Entertainment,"Smooth experience, no bugs, highly recommend.",5,positive
Spotify,Entertainment,Beautiful design and very responsive.,5,positive
Spotify,Entertainment,The onboarding was seamless and well-designed.,4,positive
Spotify,Entertainment,Settings are buried under too many menus.,1,negative
Spotify,Entertainment,Good concept but the execution needs work.,3,neutral
Spotify,Entertainment,"Way too many ads, completely ruins the experience.",2,negative
Spotify,Entertainment,"Great UX, everything is where you expect it to be.",4,positive
Spotify,Entertainment,The search is fast and results are always relevant.,4,positive
Spotify,Entertainment,"Smooth experience, no bugs, highly recommend.",5,positive
Spotify,Entertainment,"The recent redesign made things worse, not better.",1,negative
Spotify,Entertainment,"Great UX, everything is where you expect it to be.",4,positive
Spotify,Entertainment,"Great UX, everything is where you expect it to be.",4,positive
Spotify,Entertainment,"It is okay, does the job but nothing special.",3,neutral
Spotify,Entertainment,Beautiful design and very responsive.,4,positive
Spotify,Entertainment,"The interface is super clean and intuitive, love it!",4,positive
Spotify,Entertainment,"Great UX, everything is where you expect it to be.",5,positive
Spotify,Entertainment,Exactly what I needed. Simple and works perfectly.,5,positive
Spotify,Entertainment,Beautiful design and very responsive.,4,positive
Spotify,Entertainment,"Smooth experience, no bugs, highly recommend.",4,positive
Spotify,Entertainment,Good concept but the execution needs work.,3,neutral
Spotify,Entertainment,"The interface is super clean and intuitive, love it!",4,positive
Spotify,Entertainment,"Slow loading times, the app freezes constantly.",2,negative
Spotify,Entertainment,"Works as expected, nothing groundbreaking.",3,neutral
Spotify,Entertainment,"Works as expected, nothing groundbreaking.",3,neutral
Spotify,Entertainment,Exactly what I needed. Simple and works perfectly.,5,positive
Spotify,Entertainment,Exactly what I needed. Simple and works perfectly.,4,positive
Spotify,Entertainment,Very polished. Updates keep making it better.,5,positive
Spotify,Entertainment,Very polished. Updates keep making it better.,5,positive
Spotify,Entertainment,Very polished. Updates keep making it better.,5,positive
Spotify,Entertainment,Exactly what I needed. Simple and works perfectly.,4,positive
Spotify,Entertainment,"Smooth experience, no bugs, highly recommend.",5,positive
Spotify,Entertainment,"Thoughtful design, love the attention to detail.",5,positive
Spotify,Entertainment,Exactly what I needed. Simple and works perfectly.,5,positive
Spotify,Entertainment,The onboarding was seamless and well-designed.,5,positive
Spotify,Entertainment,Settings are buried under too many menus.,1,negative
Spotify,Entertainment,Exactly what I needed. Simple and works perfectly.,4,positive
Spotify,Entertainment,Beautiful design and very responsive.,4,positive
Spotify,Entertainment,Very polished. Updates keep making it better.,5,positive
Spotify,Entertainment,"Works as expected, nothing groundbreaking.",3,neutral
Spotify,Entertainment,"Best app in its category, the navigation makes sense.",4,positive
Spotify,Entertainment,"The recent redesign made things worse, not better.",2,negative
Spotify,Entertainment,Very polished. Updates keep making it better.,4,positive
Spotify,Entertainment,"Thoughtful design, love the attention to detail.",4,positive
Spotify,Entertainment,Too many steps to do simple things.,2,negative
Spotify,Entertainment,The onboarding was seamless and well-designed.,4,positive
Spotify,Entertainment,Notifications are impossible to configure.,1,negative
Spotify,Entertainment,The onboarding was seamless and well-designed.,4,positive
Spotify,Entertainment,The onboarding was seamless and well-designed.,5,positive
Spotify,Entertainment,"Great UX, everything is where you expect it to be.",4,positive
Spotify,Entertainment,"Best app in its category, the navigation makes sense.",4,positive
Spotify,Entertainment,"The interface is super clean and intuitive, love it!",4,positive
Spotify,Entertainment,"Some features are great, others feel unfinished.",3,neutral
Spotify,Entertainment,"Thoughtful design, love the attention to detail.",5,positive
Spotify,Entertainment,The onboarding was seamless and well-designed.,5,positive
Spotify,Entertainment,"The recent redesign made things worse, not better.",1,negative
Spotify,Entertainment,"Hard to find basic features, navigation is confusing.",1,negative
Spotify,Entertainment,"It is okay, does the job but nothing special.",3,neutral
Spotify,Entertainment,"Decent app, could use some UI improvements.",3,neutral
Spotify,Entertainment,"Best app in its category, the navigation makes sense.",5,positive
Spotify,Entertainment,"Best app in its category, the navigation makes sense.",5,positive
Spotify,Entertainment,The search is fast and results are always relevant.,4,positive
Spotify,Entertainment,Exactly what I needed. Simple and works perfectly.,5,positive
Spotify,Entertainment,Good concept but the execution needs work.,3,neutral
Spotify,Entertainment,The onboarding was seamless and well-designed.,4,positive
Spotify,Entertainment,Very polished. Updates keep making it better.,4,positive
Spotify,Entertainment,The onboarding was seamless and well-designed.,4,positive
Spotify,Entertainment,The UI looks outdated and cluttered.,2,negative
Spotify,Entertainment,"The interface is super clean and intuitive, love it!",5,positive
Spotify,Entertainment,"Some features are great, others feel unfinished.",3,neutral
Spotify,Entertainment,The search is fast and results are always relevant.,4,positive
Spotify,Entertainment,Beautiful design and very responsive.,4,positive
Spotify,Entertainment,"The interface is super clean and intuitive, love it!",5,positive
Spotify,Entertainment,Exactly what I needed. Simple and works perfectly.,5,positive
Spotify,Entertainment,Very polished. Updates keep making it better.,5,positive
Spotify,Entertainment,"Works as expected, nothing groundbreaking.",3,neutral
Spotify,Entertainment,"Best app in its category, the navigation makes sense.",4,positive
Spotify,Entertainment,"Hard to find basic features, navigation is confusing.",2,negative
Spotify,Entertainment,Too many steps to do simple things.,1,negative
Spotify,Entertainment,Exactly what I needed. Simple and works perfectly.,4,positive
Spotify,Entertainment,"Best app in its category, the navigation makes sense.",4,positive
Spotify,Entertainment,The onboarding was seamless and well-designed.,5,positive
Spotify,Entertainment,"Great UX, everything is where you expect it to be.",4,positive
Spotify,Entertainment,Exactly what I needed. Simple and works perfectly.,4,positive
Spotify,Entertainment,Too many steps to do simple things.,2,negative
Spotify,Entertainment,"Some features are great, others feel unfinished.",3,neutral
Spotify,Entertainment,"Great UX, everything is where you expect it to be.",5,positive
Spotify,Entertainment,Very polished. Updates keep making it better.,4,positive
Spotify,Entertainment,"The new update broke everything, please revert.",1,negative
Spotify,Entertainment,Settings are buried under too many menus.,2,negative
Spotify,Entertainment,Good concept but the execution needs work.,3,neutral
Spotify,Entertainment,Very polished. Updates keep making it better.,5,positive
Spotify,Entertainment,Too many steps to do simple things.,1,negative
Spotify,Entertainment,"Thoughtful design, love the attention to detail.",5,positive
Spotify,Entertainment,"Decent app, could use some UI improvements.",3,neutral
Spotify,Entertainment,Beautiful design and very responsive.,4,positive
Spotify,Entertainment,"Thoughtful design, love the attention to detail.",4,positive
Spotify,Entertainment,The onboarding was seamless and well-designed.,4,positive
Spotify,Entertainment,"It is okay, does the job but nothing special.",3,neutral
Spotify,Entertainment,Good concept but the execution needs work.,3,neutral
Spotify,Entertainment,Very polished. Updates keep making it better.,4,positive
Spotify,Entertainment,Very polished. Updates keep making it better.,4,positive
Spotify,Entertainment,"Thoughtful design, love the attention to detail.",4,positive
Spotify,Entertainment,Settings are buried under too many menus.,1,negative
Spotify,Entertainment,Too many steps to do simple things.,1,negative
Spotify,Entertainment,"Great UX, everything is where you expect it to be.",4,positive
Spotify,Entertainment,"Thoughtful design, love the attention to detail.",5,positive
Spotify,Entertainment,Very polished. Updates keep making it better.,4,positive
Spotify,Entertainment,The onboarding was seamless and well-designed.,5,positive
Spotify,Entertainment,Beautiful design and very responsive.,4,positive
Spotify,Entertainment,Too many steps to do simple things.,1,negative
Spotify,Entertainment,The search is fast and results are always relevant.,5,positive
Spotify,Entertainment,Very polished. Updates keep making it better.,4,positive
Spotify,Entertainment,Very polished. Updates keep making it better.,4,positive
Spotify,Entertainment,The UI looks outdated and cluttered.,2,negative
Spotify,Entertainment,Exactly what I needed. Simple and works perfectly.,5,positive
Spotify,Entertainment,Beautiful design and very responsive.,4,positive
Spotify,Entertainment,Good concept but the execution needs work.,3,neutral
Spotify,Entertainment,"Best app in its category, the navigation makes sense.",5,positive
Spotify,Entertainment,The onboarding was seamless and well-designed.,4,positive
Spotify,Entertainment,Too many steps to do simple things.,2,negative
Spotify,Entertainment,"Great UX, everything is where you expect it to be.",4,positive
Spotify,Entertainment,Exactly what I needed. Simple and works perfectly.,4,positive
Spotify,Entertainment,Good concept but the execution needs work.,3,neutral
Spotify,Entertainment,"Best app in its category, the navigation makes sense.",4,positive
Spotify,Entertainment,Very polished. Updates keep making it better.,4,positive
Spotify,Entertainment,"It is okay, does the job but nothing special.",3,neutral
Spotify,Entertainment,"Smooth experience, no bugs, highly recommend.",5,positive
Spotify,Entertainment,"Works as expected, nothing groundbreaking.",3,neutral
Spotify,Entertainment,"Smooth experience, no bugs, highly recommend.",5,positive
Spotify,Entertainment,Settings are buried under too many menus.,1,negative
Spotify,Entertainment,Very polished. Updates keep making it better.,5,positive
Spotify,Entertainment,The onboarding was seamless and well-designed.,5,positive
Spotify,Entertainment,"Best app in its category, the navigation makes sense.",4,positive
Spotify,Entertainment,"The recent redesign made things worse, not better.",1,negative
Spotify,Entertainment,"Way too many ads, completely ruins the experience.",2,negative
Spotify,Entertainment,Notifications are impossible to configure.,1,negative
Spotify,Entertainment,Good concept but the execution needs work.,3,neutral
Spotify,Entertainment,The UI looks outdated and cluttered.,1,negative
Spotify,Entertainment,The UI looks outdated and cluttered.,2,negative
Spotify,Entertainment,"Hard to find basic features, navigation is confusing.",2,negative
Spotify,Entertainment,"Smooth experience, no bugs, highly recommend.",5,positive
Spotify,Entertainment,"Way too many ads, completely ruins the experience.",2,negative
Spotify,Entertainment,The search is fast and results are always relevant.,5,positive
Spotify,Entertainment,Exactly what I needed. Simple and works perfectly.,5,positive
Spotify,Entertainment,Beautiful design and very responsive.,4,positive
Spotify,Entertainment,Too many steps to do simple things.,1,negative
Spotify,Entertainment,The onboarding was seamless and well-designed.,5,positive
Spotify,Entertainment,"Some features are great, others feel unfinished.",3,neutral
Spotify,Entertainment,"Works as expected, nothing groundbreaking.",3,neutral
Spotify,Entertainment,"The interface is super clean and intuitive, love it!",4,positive
Spotify,Entertainment,"Smooth experience, no bugs, highly recommend.",4,positive
Spotify,Entertainment,Very polished. Updates keep making it better.,5,positive
Spotify,Entertainment,The onboarding was seamless and well-designed.,4,positive
Spotify,Entertainment,"The interface is super clean and intuitive, love it!",4,positive
Spotify,Entertainment,Very polished. Updates keep making it better.,5,positive
Spotify,Entertainment,"Thoughtful design, love the attention to detail.",4,positive
Spotify,Entertainment,Good concept but the execution needs work.,3,neutral
Spotify,Entertainment,"Great UX, everything is where you expect it to be.",5,positive
Spotify,Entertainment,Very polished. Updates keep making it better.,5,positive
Spotify,Entertainment,"Best app in its category, the navigation makes sense.",4,positive
Spotify,Entertainment,"It is okay, does the job but nothing special.",3,neutral
Spotify,Entertainment,Beautiful design and very responsive.,4,positive
Google Maps,Navigation,Notifications are impossible to configure.,1,negative
Google Maps,Navigation,"Thoughtful design, love the attention to detail.",4,positive
Google Maps,Navigation,Beautiful design and very responsive.,5,positive
Google Maps,Navigation,"Decent app, could use some UI improvements.",3,neutral
Google Maps,Navigation,"Decent app, could use some UI improvements.",3,neutral
Google Maps,Navigation,Exactly what I needed. Simple and works perfectly.,5,positive
Google Maps,Navigation,Beautiful design and very responsive.,5,positive
Google Maps,Navigation,"Hard to find basic features, navigation is confusing.",2,negative
Google Maps,Navigation,Settings are buried under too many menus.,1,negative
Google Maps,Navigation,"The new update broke everything, please revert.",2,negative
Google Maps,Navigation,"Smooth experience, no bugs, highly recommend.",4,positive
Google Maps,Navigation,"It is okay, does the job but nothing special.",3,neutral
Google Maps,Navigation,The onboarding was seamless and well-designed.,5,positive
Google Maps,Navigation,Notifications are impossible to configure.,2,negative
Google Maps,Navigation,"Smooth experience, no bugs, highly recommend.",5,positive
Google Maps,Navigation,"The interface is super clean and intuitive, love it!",5,positive
Google Maps,Navigation,Beautiful design and very responsive.,5,positive
Google Maps,Navigation,Settings are buried under too many menus.,2,negative
Google Maps,Navigation,"Great UX, everything is where you expect it to be.",5,positive
Google Maps,Navigation,"Decent app, could use some UI improvements.",3,neutral
Google Maps,Navigation,Notifications are impossible to configure.,2,negative
Google Maps,Navigation,"Slow loading times, the app freezes constantly.",1,negative
Google Maps,Navigation,"Great UX, everything is where you expect it to be.",5,positive
Google Maps,Navigation,Exactly what I needed. Simple and works perfectly.,5,positive
Google Maps,Navigation,"Decent app, could use some UI improvements.",3,neutral
Google Maps,Navigation,"Best app in its category, the navigation makes sense.",4,positive
Google Maps,Navigation,"Decent app, could use some UI improvements.",3,neutral
Google Maps,Navigation,Beautiful design and very responsive.,5,positive
Google Maps,Navigation,"The interface is super clean and intuitive, love it!",4,positive
Google Maps,Navigation,"Works as expected, nothing groundbreaking.",3,neutral
Google Maps,Navigation,"Great UX, everything is where you expect it to be.",4,positive
Google Maps,Navigation,Very polished. Updates keep making it better.,5,positive
Google Maps,Navigation,Exactly what I needed. Simple and works perfectly.,4,positive
Google Maps,Navigation,"Decent app, could use some UI improvements.",3,neutral
Google Maps,Navigation,Very polished. Updates keep making it better.,4,positive
Google Maps,Navigation,"Thoughtful design, love the attention to detail.",5,positive
Google Maps,Navigation,Exactly what I needed. Simple and works perfectly.,4,positive
Google Maps,Navigation,"Best app in its category, the navigation makes sense.",5,positive
Google Maps,Navigation,"Smooth experience, no bugs, highly recommend.",4,positive
Google Maps,Navigation,"Great UX, everything is where you expect it to be.",5,positive
Google Maps,Navigation,The search is fast and results are always relevant.,4,positive
Google Maps,Navigation,The onboarding was seamless and well-designed.,5,positive
Google Maps,Navigation,Very polished. Updates keep making it better.,5,positive
Google Maps,Navigation,"Works as expected, nothing groundbreaking.",3,neutral
Google Maps,Navigation,"Great UX, everything is where you expect it to be.",4,positive
Google Maps,Navigation,"Thoughtful design, love the attention to detail.",4,positive
Google Maps,Navigation,Too many steps to do simple things.,2,negative
Google Maps,Navigation,Good concept but the execution needs work.,3,neutral
Google Maps,Navigation,The onboarding was seamless and well-designed.,4,positive
Google Maps,Navigation,"Some features are great, others feel unfinished.",3,neutral
Google Maps,Navigation,Good concept but the execution needs work.,3,neutral
Google Maps,Navigation,"Smooth experience, no bugs, highly recommend.",4,positive
Google Maps,Navigation,"Thoughtful design, love the attention to detail.",4,positive
Google Maps,Navigation,Very polished. Updates keep making it better.,5,positive
Google Maps,Navigation,The search is fast and results are always relevant.,4,positive
Google Maps,Navigation,Exactly what I needed. Simple and works perfectly.,4,positive
Google Maps,Navigation,"Thoughtful design, love the attention to detail.",5,positive
Google Maps,Navigation,Good concept but the execution needs work.,3,neutral
Google Maps,Navigation,Beautiful design and very responsive.,4,positive
Google Maps,Navigation,The search is fast and results are always relevant.,5,positive
Google Maps,Navigation,The search is fast and results are always relevant.,4,positive
Google Maps,Navigation,"Some features are great, others feel unfinished.",3,neutral
Google Maps,Navigation,"The interface is super clean and intuitive, love it!",4,positive
Google Maps,Navigation,The onboarding was seamless and well-designed.,4,positive
Google Maps,Navigation,"Smooth experience, no bugs, highly recommend.",5,positive
Google Maps,Navigation,Notifications are impossible to configure.,2,negative
Google Maps,Navigation,The UI looks outdated and cluttered.,1,negative
Google Maps,Navigation,The search is fast and results are always relevant.,5,positive
Google Maps,Navigation,The onboarding was seamless and well-designed.,4,positive
Google Maps,Navigation,"Great UX, everything is where you expect it to be.",4,positive
Google Maps,Navigation,Very polished. Updates keep making it better.,5,positive
Google Maps,Navigation,"The recent redesign made things worse, not better.",1,negative
Google Maps,Navigation,"Way too many ads, completely ruins the experience.",1,negative
Google Maps,Navigation,Very polished. Updates keep making it better.,5,positive
Google Maps,Navigation,Good concept but the execution needs work.,3,neutral
Google Maps,Navigation,"The interface is super clean and intuitive, love it!",5,positive
Google Maps,Navigation,Notifications are impossible to configure.,2,negative
Google Maps,Navigation,The onboarding was seamless and well-designed.,5,positive
Google Maps,Navigation,"Best app in its category, the navigation makes sense.",5,positive
Google Maps,Navigation,"The interface is super clean and intuitive, love it!",4,positive
Google Maps,Navigation,"Thoughtful design, love the attention to detail.",5,positive
Google Maps,Navigation,Very polished. Updates keep making it better.,4,positive
Google Maps,Navigation,Beautiful design and very responsive.,5,positive
Google Maps,Navigation,"Hard to find basic features, navigation is confusing.",2,negative
Google Maps,Navigation,Exactly what I needed. Simple and works perfectly.,5,positive
Google Maps,Navigation,Exactly what I needed. Simple and works perfectly.,5,positive
Google Maps,Navigation,"Great UX, everything is where you expect it to be.",4,positive
Google Maps,Navigation,"Best app in its category, the navigation makes sense.",5,positive
Google Maps,Navigation,"Great UX, everything is where you expect it to be.",5,positive
Google Maps,Navigation,Too many steps to do simple things.,1,negative
Google Maps,Navigation,"Works as expected, nothing groundbreaking.",3,neutral
Google Maps,Navigation,Settings are buried under too many menus.,2,negative
Google Maps,Navigation,Settings are buried under too many menus.,1,negative
Google Maps,Navigation,"Best app in its category, the navigation makes sense.",5,positive
Google Maps,Navigation,"Keeps crashing on my device, unusable.",2,negative
Google Maps,Navigation,The onboarding was seamless and well-designed.,5,positive
Google Maps,Navigation,"Thoughtful design, love the attention to detail.",5,positive
Google Maps,Navigation,Exactly what I needed. Simple and works perfectly.,5,positive
Google Maps,Navigation,The onboarding was seamless and well-designed.,5,positive
Google Maps,Navigation,"Decent app, could use some UI improvements.",3,neutral
Google Maps,Navigation,"The interface is super clean and intuitive, love it!",4,positive
Google Maps,Navigation,The onboarding was seamless and well-designed.,4,positive
Google Maps,Navigation,"Thoughtful design, love the attention to detail.",5,positive
Google Maps,Navigation,"The recent redesign made things worse, not better.",1,negative
Google Maps,Navigation,Exactly what I needed. Simple and works perfectly.,5,positive
Google Maps,Navigation,Beautiful design and very responsive.,5,positive
Google Maps,Navigation,"Some features are great, others feel unfinished.",3,neutral
Google Maps,Navigation,"Best app in its category, the navigation makes sense.",4,positive
Google Maps,Navigation,"Great UX, everything is where you expect it to be.",5,positive
Google Maps,Navigation,Notifications are impossible to configure.,2,negative
Google Maps,Navigation,The search is fast and results are always relevant.,4,positive
Google Maps,Navigation,Very polished. Updates keep making it better.,5,positive
Google Maps,Navigation,Very polished. Updates keep making it better.,5,positive
Google Maps,Navigation,The search is fast and results are always relevant.,5,positive
Google Maps,Navigation,"Decent app, could use some UI improvements.",3,neutral
Google Maps,Navigation,"The interface is super clean and intuitive, love it!",5,positive
Google Maps,Navigation,Exactly what I needed. Simple and works perfectly.,5,positive
Google Maps,Navigation,"The interface is super clean and intuitive, love it!",5,positive
Google Maps,Navigation,Very polished. Updates keep making it better.,4,positive
Google Maps,Navigation,Good concept but the execution needs work.,3,neutral
Google Maps,Navigation,The search is fast and results are always relevant.,5,positive
Google Maps,Navigation,"Smooth experience, no bugs, highly recommend.",4,positive
Google Maps,Navigation,Exactly what I needed. Simple and works perfectly.,4,positive
Google Maps,Navigation,Beautiful design and very responsive.,5,positive
Google Maps,Navigation,"Smooth experience, no bugs, highly recommend.",5,positive
Google Maps,Navigation,Very polished. Updates keep making it better.,5,positive
Google Maps,Navigation,"Way too many ads, completely ruins the experience.",1,negative
Google Maps,Navigation,The search is fast and results are always relevant.,5,positive
Google Maps,Navigation,Settings are buried under too many menus.,2,negative
Google Maps,Navigation,"Great UX, everything is where you expect it to be.",5,positive
Google Maps,Navigation,Too many steps to do simple things.,2,negative
Google Maps,Navigation,"Decent app, could use some UI improvements.",3,neutral
Google Maps,Navigation,"Smooth experience, no bugs, highly recommend.",4,positive
Google Maps,Navigation,The onboarding was seamless and well-designed.,4,positive
Google Maps,Navigation,The UI looks outdated and cluttered.,2,negative
Google Maps,Navigation,"Works as expected, nothing groundbreaking.",3,neutral
Google Maps,Navigation,Beautiful design and very responsive.,5,positive
Google Maps,Navigation,Very polished. Updates keep making it better.,5,positive
Google Maps,Navigation,"Slow loading times, the app freezes constantly.",2,negative
Google Maps,Navigation,"Hard to find basic features, navigation is confusing.",2,negative
Google Maps,Navigation,Exactly what I needed. Simple and works perfectly.,5,positive
Google Maps,Navigation,The UI looks outdated and cluttered.,2,negative
Google Maps,Navigation,The search is fast and results are always relevant.,5,positive
Google Maps,Navigation,The UI looks outdated and cluttered.,1,negative
Google Maps,Navigation,Very polished. Updates keep making it better.,4,positive
Google Maps,Navigation,The search is fast and results are always relevant.,4,positive
Google Maps,Navigation,"The interface is super clean and intuitive, love it!",4,positive
Google Maps,Navigation,"Thoughtful design, love the attention to detail.",4,positive
Google Maps,Navigation,"Some features are great, others feel unfinished.",3,neutral
Google Maps,Navigation,The search is fast and results are always relevant.,4,positive
Google Maps,Navigation,"Thoughtful design, love the attention to detail.",5,positive
Google Maps,Navigation,"Decent app, could use some UI improvements.",3,neutral
Google Maps,Navigation,"The interface is super clean and intuitive, love it!",4,positive
Google Maps,Navigation,"Some features are great, others feel unfinished.",3,neutral
Google Maps,Navigation,"The interface is super clean and intuitive, love it!",4,positive
Google Maps,Navigation,"Great UX, everything is where you expect it to be.",4,positive
Google Maps,Navigation,"Slow loading times, the app freezes constantly.",2,negative
Google Maps,Navigation,The onboarding was seamless and well-designed.,4,positive
Google Maps,Navigation,Very polished. Updates keep making it better.,4,positive
Google Maps,Navigation,Too many steps to do simple things.,2,negative
Google Maps,Navigation,The search is fast and results are always relevant.,5,positive
Google Maps,Navigation,"Hard to find basic features, navigation is confusing.",2,negative
Google Maps,Navigation,Exactly what I needed. Simple and works perfectly.,5,positive
Google Maps,Navigation,"Thoughtful design, love the attention to detail.",5,positive
Google Maps,Navigation,"It is okay, does the job but nothing special.",3,neutral
Google Maps,Navigation,"Decent app, could use some UI improvements.",3,neutral
Google Maps,Navigation,"Smooth experience, no bugs, highly recommend.",4,positive
Google Maps,Navigation,"Best app in its category, the navigation makes sense.",5,positive
Google Maps,Navigation,Exactly what I needed. Simple and works perfectly.,5,positive
Google Maps,Navigation,"Some features are great, others feel unfinished.",3,neutral
Instagram,Social Media,Settings are buried under too many menus.,2,negative
Instagram,Social Media,"Way too many ads, completely ruins the experience.",2,negative
Instagram,Social Media,"Thoughtful design, love the attention to detail.",5,positive
Instagram,Social Media,The UI looks outdated and cluttered.,1,negative
Instagram,Social Media,Beautiful design and very responsive.,4,positive
Instagram,Social Media,Exactly what I needed. Simple and works perfectly.,5,positive
Instagram,Social Media,"Best app in its category, the navigation makes sense.",5,positive
Instagram,Social Media,The UI looks outdated and cluttered.,2,negative
Instagram,Social Media,"Some features are great, others feel unfinished.",3,neutral
Instagram,Social Media,Settings are buried under too many menus.,1,negative
Instagram,Social Media,Very polished. Updates keep making it better.,5,positive
Instagram,Social Media,The search is fast and results are always relevant.,5,positive
Instagram,Social Media,"Keeps crashing on my device, unusable.",1,negative
Instagram,Social Media,"The recent redesign made things worse, not better.",1,negative
Instagram,Social Media,Good concept but the execution needs work.,3,neutral
Instagram,Social Media,"The new update broke everything, please revert.",1,negative
Instagram,Social Media,The search is fast and results are always relevant.,4,positive
Instagram,Social Media,"Some features are great, others feel unfinished.",3,neutral
Instagram,Social Media,The search is fast and results are always relevant.,5,positive
Instagram,Social Media,"Smooth experience, no bugs, highly recommend.",5,positive
Instagram,Social Media,The search is fast and results are always relevant.,5,positive
Instagram,Social Media,Settings are buried under too many menus.,1,negative
Instagram,Social Media,"Works as expected, nothing groundbreaking.",3,neutral
Instagram,Social Media,Good concept but the execution needs work.,3,neutral
Instagram,Social Media,The onboarding was seamless and well-designed.,4,positive
Instagram,Social Media,"The interface is super clean and intuitive, love it!",4,positive
Instagram,Social Media,"It is okay, does the job but nothing special.",3,neutral
Instagram,Social Media,Exactly what I needed. Simple and works perfectly.,4,positive
Instagram,Social Media,"The new update broke everything, please revert.",2,negative
Instagram,Social Media,"Best app in its category, the navigation makes sense.",4,positive
Instagram,Social Media,"Slow loading times, the app freezes constantly.",2,negative
Instagram,Social Media,"Slow loading times, the app freezes constantly.",2,negative
Instagram,Social Media,"Slow loading times, the app freezes constantly.",2,negative
Instagram,Social Media,The search is fast and results are always relevant.,4,positive
Instagram,Social Media,Too many steps to do simple things.,1,negative
Instagram,Social Media,The search is fast and results are always relevant.,5,positive
Instagram,Social Media,"Some features are great, others feel unfinished.",3,neutral
Instagram,Social Media,"Way too many ads, completely ruins the experience.",2,negative
Instagram,Social Media,The search is fast and results are always relevant.,5,positive
Instagram,Social Media,"Some features are great, others feel unfinished.",3,neutral
Instagram,Social Media,Beautiful design and very responsive.,4,positive
Instagram,Social Media,Exactly what I needed. Simple and works perfectly.,4,positive
Instagram,Social Media,"Slow loading times, the app freezes constantly.",1,negative
Instagram,Social Media,Exactly what I needed. Simple and works perfectly.,4,positive
Instagram,Social Media,"Works as expected, nothing groundbreaking.",3,neutral
Instagram,Social Media,"It is okay, does the job but nothing special.",3,neutral
Instagram,Social Media,"The interface is super clean and intuitive, love it!",5,positive
Instagram,Social Media,The search is fast and results are always relevant.,4,positive
Instagram,Social Media,"Way too many ads, completely ruins the experience.",1,negative
Instagram,Social Media,"Decent app, could use some UI improvements.",3,neutral
Instagram,Social Media,Very polished. Updates keep making it better.,5,positive
Instagram,Social Media,"Decent app, could use some UI improvements.",3,neutral
Instagram,Social Media,"Great UX, everything is where you expect it to be.",4,positive
Instagram,Social Media,The onboarding was seamless and well-designed.,4,positive
Instagram,Social Media,Good concept but the execution needs work.,3,neutral
Instagram,Social Media,"Hard to find basic features, navigation is confusing.",2,negative
Instagram,Social Media,"It is okay, does the job but nothing special.",3,neutral
Instagram,Social Media,"Slow loading times, the app freezes constantly.",2,negative
Instagram,Social Media,"Slow loading times, the app freezes constantly.",1,negative
Instagram,Social Media,"Great UX, everything is where you expect it to be.",5,positive
Instagram,Social Media,"Smooth experience, no bugs, highly recommend.",5,positive
Instagram,Social Media,"Hard to find basic features, navigation is confusing.",2,negative
Instagram,Social Media,Notifications are impossible to configure.,2,negative
Instagram,Social Media,Notifications are impossible to configure.,1,negative
Instagram,Social Media,The onboarding was seamless and well-designed.,4,positive
Instagram,Social Media,Exactly what I needed. Simple and works perfectly.,5,positive
Instagram,Social Media,"The new update broke everything, please revert.",1,negative
Instagram,Social Media,"Best app in its category, the navigation makes sense.",4,positive
Instagram,Social Media,"Keeps crashing on my device, unusable.",1,negative
Instagram,Social Media,Beautiful design and very responsive.,5,positive
Instagram,Social Media,"Way too many ads, completely ruins the experience.",1,negative
Instagram,Social Media,"The new update broke everything, please revert.",2,negative
Instagram,Social Media,"The recent redesign made things worse, not better.",1,negative
Instagram,Social Media,"Smooth experience, no bugs, highly recommend.",5,positive
Instagram,Social Media,"Slow loading times, the app freezes constantly.",2,negative
Instagram,Social Media,"Decent app, could use some UI improvements.",3,neutral
Instagram,Social Media,Beautiful design and very responsive.,5,positive
Instagram,Social Media,"Thoughtful design, love the attention to detail.",5,positive
Instagram,Social Media,Too many steps to do simple things.,2,negative
Instagram,Social Media,Very polished. Updates keep making it better.,4,positive
Instagram,Social Media,"Way too many ads, completely ruins the experience.",2,negative
Instagram,Social Media,Good concept but the execution needs work.,3,neutral
Instagram,Social Media,"Works as expected, nothing groundbreaking.",3,neutral
Instagram,Social Media,"Smooth experience, no bugs, highly recommend.",5,positive
Instagram,Social Media,Very polished. Updates keep making it better.,4,positive
Instagram,Social Media,"Decent app, could use some UI improvements.",3,neutral
Instagram,Social Media,"Thoughtful design, love the attention to detail.",5,positive
Instagram,Social Media,Beautiful design and very responsive.,4,positive
Instagram,Social Media,The search is fast and results are always relevant.,5,positive
Instagram,Social Media,The search is fast and results are always relevant.,4,positive
Instagram,Social Media,"It is okay, does the job but nothing special.",3,neutral
Instagram,Social Media,"Way too many ads, completely ruins the experience.",1,negative
Instagram,Social Media,"Smooth experience, no bugs, highly recommend.",4,positive
Instagram,Social Media,"Way too many ads, completely ruins the experience.",1,negative
Instagram,Social Media,"Decent app, could use some UI improvements.",3,neutral
Instagram,Social Media,Very polished. Updates keep making it better.,5,positive
Instagram,Social Media,"Way too many ads, completely ruins the experience.",1,negative
Instagram,Social Media,"Works as expected, nothing groundbreaking.",3,neutral
Instagram,Social Media,The search is fast and results are always relevant.,5,positive
Instagram,Social Media,"Decent app, could use some UI improvements.",3,neutral
Instagram,Social Media,"Best app in its category, the navigation makes sense.",4,positive
Instagram,Social Media,Exactly what I needed. Simple and works perfectly.,4,positive
Instagram,Social Media,Very polished. Updates keep making it better.,5,positive
Instagram,Social Media,The UI looks outdated and cluttered.,2,negative
Instagram,Social Media,"Best app in its category, the navigation makes sense.",5,positive
Instagram,Social Media,"Some features are great, others feel unfinished.",3,neutral
Instagram,Social Media,Exactly what I needed. Simple and works perfectly.,4,positive
Instagram,Social Media,"Best app in its category, the navigation makes sense.",5,positive
Instagram,Social Media,"It is okay, does the job but nothing special.",3,neutral
Instagram,Social Media,"Some features are great, others feel unfinished.",3,neutral
Instagram,Social Media,"Best app in its category, the navigation makes sense.",5,positive
Instagram,Social Media,"It is okay, does the job but nothing special.",3,neutral
Instagram,Social Media,"Way too many ads, completely ruins the experience.",1,negative
Instagram,Social Media,Very polished. Updates keep making it better.,5,positive
Instagram,Social Media,Exactly what I needed. Simple and works perfectly.,5,positive
Instagram,Social Media,"The recent redesign made things worse, not better.",1,negative
Instagram,Social Media,Beautiful design and very responsive.,4,positive
Instagram,Social Media,"The recent redesign made things worse, not better.",1,negative
Instagram,Social Media,"Slow loading times, the app freezes constantly.",1,negative
Instagram,Social Media,Very polished. Updates keep making it better.,4,positive
Instagram,Social Media,"Works as expected, nothing groundbreaking.",3,neutral
Instagram,Social Media,Notifications are impossible to configure.,2,negative
Instagram,Social Media,"Great UX, everything is where you expect it to be.",4,positive
Instagram,Social Media,"Decent app, could use some UI improvements.",3,neutral
Instagram,Social Media,"Best app in its category, the navigation makes sense.",4,positive
Instagram,Social Media,Too many steps to do simple things.,2,negative
Instagram,Social Media,Too many steps to do simple things.,1,negative
Instagram,Social Media,"Works as expected, nothing groundbreaking.",3,neutral
Instagram,Social Media,"Decent app, could use some UI improvements.",3,neutral
Instagram,Social Media,"Works as expected, nothing groundbreaking.",3,neutral
Instagram,Social Media,Very polished. Updates keep making it better.,5,positive
Instagram,Social Media,Very polished. Updates keep making it better.,5,positive
Instagram,Social Media,"The new update broke everything, please revert.",1,negative
Instagram,Social Media,"Best app in its category, the navigation makes sense.",4,positive
Instagram,Social Media,Too many steps to do simple things.,2,negative
Instagram,Social Media,"The interface is super clean and intuitive, love it!",5,positive
Instagram,Social Media,The onboarding was seamless and well-designed.,4,positive
Instagram,Social Media,"Great UX, everything is where you expect it to be.",5,positive
Instagram,Social Media,The search is fast and results are always relevant.,5,positive
Instagram,Social Media,Exactly what I needed. Simple and works perfectly.,5,positive
Instagram,Social Media,Good concept but the execution needs work.,3,neutral
Instagram,Social Media,"Decent app, could use some UI improvements.",3,neutral
Instagram,Social Media,"Way too many ads, completely ruins the experience.",2,negative
Instagram,Social Media,Exactly what I needed. Simple and works perfectly.,4,positive
Instagram,Social Media,"Some features are great, others feel unfinished.",3,neutral
Instagram,Social Media,"Hard to find basic features, navigation is confusing.",1,negative
Instagram,Social Media,The onboarding was seamless and well-designed.,5,positive
Instagram,Social Media,"Great UX, everything is where you expect it to be.",5,positive
Instagram,Social Media,The onboarding was seamless and well-designed.,5,positive
Instagram,Social Media,Too many steps to do simple things.,2,negative
Instagram,Social Media,Settings are buried under too many menus.,1,negative
Instagram,Social Media,"Great UX, everything is where you expect it to be.",5,positive
Instagram,Social Media,"Best app in its category, the navigation makes sense.",5,positive
Instagram,Social Media,"Slow loading times, the app freezes constantly.",2,negative
Instagram,Social Media,"Best app in its category, the navigation makes sense.",4,positive
Instagram,Social Media,Very polished. Updates keep making it better.,4,positive
Instagram,Social Media,"Great UX, everything is where you expect it to be.",5,positive
Instagram,Social Media,The UI looks outdated and cluttered.,2,negative
Instagram,Social Media,"Keeps crashing on my device, unusable.",2,negative
Instagram,Social Media,"Best app in its category, the navigation makes sense.",5,positive
Instagram,Social Media,Very polished. Updates keep making it better.,4,positive
Instagram,Social Media,Good concept but the execution needs work.,3,neutral
Instagram,Social Media,The search is fast and results are always relevant.,4,positive
Instagram,Social Media,Settings are buried under too many menus.,1,negative
Instagram,Social Media,The onboarding was seamless and well-designed.,4,positive
Instagram,Social Media,"Slow loading times, the app freezes constantly.",2,negative
Instagram,Social Media,The onboarding was seamless and well-designed.,4,positive
Instagram,Social Media,"Great UX, everything is where you expect it to be.",5,positive
Instagram,Social Media,"The new update broke everything, please revert.",2,negative
Instagram,Social Media,Settings are buried under too many menus.,2,negative
Instagram,Social Media,"Works as expected, nothing groundbreaking.",3,neutral
Instagram,Social Media,"Decent app, could use some UI improvements.",3,neutral
Instagram,Social Media,Notifications are impossible to configure.,1,negative
Instagram,Social Media,"Smooth experience, no bugs, highly recommend.",5,positive
Instagram,Social Media,Very polished. Updates keep making it better.,4,positive
Instagram,Social Media,"Works as expected, nothing groundbreaking.",3,neutral
Instagram,Social Media,Too many steps to do simple things.,2,negative
Instagram,Social Media,Exactly what I needed. Simple and works perfectly.,5,positive
Instagram,Social Media,The search is fast and results are always relevant.,4,positive
Instagram,Social Media,"Best app in its category, the navigation makes sense.",5,positive
Instagram,Social Media,"The recent redesign made things worse, not better.",1,negative
Instagram,Social Media,"The interface is super clean and intuitive, love it!",5,positive
Instagram,Social Media,"Best app in its category, the navigation makes sense.",4,positive
Instagram,Social Media,"Great UX, everything is where you expect it to be.",5,positive
Instagram,Social Media,"Thoughtful design, love the attention to detail.",4,positive
Instagram,Social Media,"Decent app, could use some UI improvements.",3,neutral
Instagram,Social Media,"Thoughtful design, love the attention to detail.",5,positive
Instagram,Social Media,The onboarding was seamless and well-designed.,4,positive
Instagram,Social Media,"The new update broke everything, please revert.",1,negative
Instagram,Social Media,"The new update broke everything, please revert.",1,negative
Duolingo,Education,"Keeps crashing on my device, unusable.",1,negative
Duolingo,Education,Beautiful design and very responsive.,5,positive
Duolingo,Education,"Keeps crashing on my device, unusable.",2,negative
Duolingo,Education,"Great UX, everything is where you expect it to be.",5,positive
Duolingo,Education,Very polished. Updates keep making it better.,4,positive
Duolingo,Education,"Best app in its category, the navigation makes sense.",5,positive
Duolingo,Education,"Smooth experience, no bugs, highly recommend.",4,positive
Duolingo,Education,Exactly what I needed. Simple and works perfectly.,4,positive
Duolingo,Education,Good concept but the execution needs work.,3,neutral
Duolingo,Education,Beautiful design and very responsive.,4,positive
Duolingo,Education,The onboarding was seamless and well-designed.,5,positive
Duolingo,Education,Beautiful design and very responsive.,5,positive
Duolingo,Education,Very polished. Updates keep making it better.,4,positive
Duolingo,Education,"Thoughtful design, love the attention to detail.",4,positive
Duolingo,Education,"Decent app, could use some UI improvements.",3,neutral
Duolingo,Education,"The recent redesign made things worse, not better.",1,negative
Duolingo,Education,Beautiful design and very responsive.,4,positive
Duolingo,Education,Exactly what I needed. Simple and works perfectly.,4,positive
Duolingo,Education,"Great UX, everything is where you expect it to be.",5,positive
Duolingo,Education,"Great UX, everything is where you expect it to be.",5,positive
Duolingo,Education,"Thoughtful design, love the attention to detail.",4,positive
Duolingo,Education,"Thoughtful design, love the attention to detail.",5,positive
Duolingo,Education,Beautiful design and very responsive.,5,positive
Duolingo,Education,Beautiful design and very responsive.,4,positive
Duolingo,Education,"Smooth experience, no bugs, highly recommend.",5,positive
Duolingo,Education,Notifications are impossible to configure.,2,negative
Duolingo,Education,"Thoughtful design, love the attention to detail.",5,positive
Duolingo,Education,"Thoughtful design, love the attention to detail.",5,positive
Duolingo,Education,Very polished. Updates keep making it better.,4,positive
Duolingo,Education,"Some features are great, others feel unfinished.",3,neutral
Duolingo,Education,The onboarding was seamless and well-designed.,4,positive
Duolingo,Education,"Great UX, everything is where you expect it to be.",5,positive
Duolingo,Education,"Thoughtful design, love the attention to detail.",4,positive
Duolingo,Education,The onboarding was seamless and well-designed.,5,positive
Duolingo,Education,"The interface is super clean and intuitive, love it!",5,positive
Duolingo,Education,"Best app in its category, the navigation makes sense.",4,positive
Duolingo,Education,"Smooth experience, no bugs, highly recommend.",5,positive
Duolingo,Education,"It is okay, does the job but nothing special.",3,neutral
Duolingo,Education,Beautiful design and very responsive.,4,positive
Duolingo,Education,Exactly what I needed. Simple and works perfectly.,4,positive
Duolingo,Education,Very polished. Updates keep making it better.,5,positive
Duolingo,Education,Good concept but the execution needs work.,3,neutral
Duolingo,Education,"Great UX, everything is where you expect it to be.",4,positive
Duolingo,Education,"Some features are great, others feel unfinished.",3,neutral
Duolingo,Education,Good concept but the execution needs work.,3,neutral
Duolingo,Education,The onboarding was seamless and well-designed.,4,positive
Duolingo,Education,The onboarding was seamless and well-designed.,5,positive
Duolingo,Education,The search is fast and results are always relevant.,4,positive
Duolingo,Education,"Best app in its category, the navigation makes sense.",4,positive
Duolingo,Education,"Hard to find basic features, navigation is confusing.",1,negative
Duolingo,Education,Beautiful design and very responsive.,4,positive
Duolingo,Education,"Works as expected, nothing groundbreaking.",3,neutral
Duolingo,Education,Very polished. Updates keep making it better.,5,positive
Duolingo,Education,"Best app in its category, the navigation makes sense.",5,positive
Duolingo,Education,Exactly what I needed. Simple and works perfectly.,5,positive
Duolingo,Education,The onboarding was seamless and well-designed.,5,positive
Duolingo,Education,"Thoughtful design, love the attention to detail.",5,positive
Duolingo,Education,Exactly what I needed. Simple and works perfectly.,5,positive
Duolingo,Education,Beautiful design and very responsive.,4,positive
Duolingo,Education,"Works as expected, nothing groundbreaking.",3,neutral
Duolingo,Education,"Best app in its category, the navigation makes sense.",4,positive
Duolingo,Education,Beautiful design and very responsive.,5,positive
Duolingo,Education,Very polished. Updates keep making it better.,4,positive
Duolingo,Education,"Thoughtful design, love the attention to detail.",5,positive
Duolingo,Education,"Way too many ads, completely ruins the experience.",1,negative
Duolingo,Education,"Thoughtful design, love the attention to detail.",4,positive
Duolingo,Education,"Great UX, everything is where you expect it to be.",5,positive
Duolingo,Education,"Best app in its category, the navigation makes sense.",4,positive
Duolingo,Education,"Hard to find basic features, navigation is confusing.",2,negative
Duolingo,Education,The onboarding was seamless and well-designed.,4,positive
Duolingo,Education,The onboarding was seamless and well-designed.,4,positive
Duolingo,Education,"Great UX, everything is where you expect it to be.",4,positive
Duolingo,Education,The onboarding was seamless and well-designed.,4,positive
Duolingo,Education,Exactly what I needed. Simple and works perfectly.,4,positive
Duolingo,Education,"Thoughtful design, love the attention to detail.",4,positive
Duolingo,Education,"Smooth experience, no bugs, highly recommend.",5,positive
Duolingo,Education,Beautiful design and very responsive.,4,positive
Duolingo,Education,"Slow loading times, the app freezes constantly.",1,negative
Duolingo,Education,"Smooth experience, no bugs, highly recommend.",5,positive
Duolingo,Education,Exactly what I needed. Simple and works perfectly.,4,positive
Duolingo,Education,The onboarding was seamless and well-designed.,4,positive
Duolingo,Education,"Great UX, everything is where you expect it to be.",4,positive
Duolingo,Education,Very polished. Updates keep making it better.,4,positive
Duolingo,Education,"Great UX, everything is where you expect it to be.",5,positive
Duolingo,Education,"Smooth experience, no bugs, highly recommend.",4,positive
Duolingo,Education,"The recent redesign made things worse, not better.",2,negative
Duolingo,Education,"It is okay, does the job but nothing special.",3,neutral
Duolingo,Education,"Hard to find basic features, navigation is confusing.",1,negative
Duolingo,Education,"Best app in its category, the navigation makes sense.",5,positive
Duolingo,Education,Too many steps to do simple things.,1,negative
Duolingo,Education,Exactly what I needed. Simple and works perfectly.,4,positive
Duolingo,Education,Very polished. Updates keep making it better.,5,positive
Duolingo,Education,"It is okay, does the job but nothing special.",3,neutral
Duolingo,Education,"Decent app, could use some UI improvements.",3,neutral
Duolingo,Education,Very polished. Updates keep making it better.,4,positive
Duolingo,Education,"Decent app, could use some UI improvements.",3,neutral
Duolingo,Education,"Smooth experience, no bugs, highly recommend.",5,positive
Duolingo,Education,"Smooth experience, no bugs, highly recommend.",5,positive
Duolingo,Education,Exactly what I needed. Simple and works perfectly.,4,positive
Duolingo,Education,Too many steps to do simple things.,1,negative
Duolingo,Education,Very polished. Updates keep making it better.,5,positive
Duolingo,Education,"Great UX, everything is where you expect it to be.",5,positive
Duolingo,Education,"The new update broke everything, please revert.",1,negative
Duolingo,Education,"The interface is super clean and intuitive, love it!",5,positive
Duolingo,Education,"The interface is super clean and intuitive, love it!",5,positive
Duolingo,Education,The search is fast and results are always relevant.,5,positive
Duolingo,Education,"Best app in its category, the navigation makes sense.",4,positive
Duolingo,Education,The search is fast and results are always relevant.,4,positive
Duolingo,Education,The onboarding was seamless and well-designed.,4,positive
Duolingo,Education,"Smooth experience, no bugs, highly recommend.",4,positive
Duolingo,Education,"Best app in its category, the navigation makes sense.",4,positive
Duolingo,Education,"Best app in its category, the navigation makes sense.",4,positive
Duolingo,Education,Exactly what I needed. Simple and works perfectly.,5,positive
Duolingo,Education,Very polished. Updates keep making it better.,4,positive
Duolingo,Education,"Great UX, everything is where you expect it to be.",4,positive
Duolingo,Education,"Great UX, everything is where you expect it to be.",4,positive
Duolingo,Education,Beautiful design and very responsive.,5,positive
Duolingo,Education,"Great UX, everything is where you expect it to be.",5,positive
Duolingo,Education,Exactly what I needed. Simple and works perfectly.,4,positive
Duolingo,Education,"Best app in its category, the navigation makes sense.",5,positive
Duolingo,Education,The onboarding was seamless and well-designed.,4,positive
Duolingo,Education,The search is fast and results are always relevant.,5,positive
Duolingo,Education,Very polished. Updates keep making it better.,4,positive
Duolingo,Education,The onboarding was seamless and well-designed.,4,positive
Duolingo,Education,"The new update broke everything, please revert.",1,negative
Duolingo,Education,"It is okay, does the job but nothing special.",3,neutral
Duolingo,Education,"The interface is super clean and intuitive, love it!",4,positive
Duolingo,Education,Beautiful design and very responsive.,5,positive
Duolingo,Education,"Hard to find basic features, navigation is confusing.",1,negative
Duolingo,Education,"Best app in its category, the navigation makes sense.",4,positive
Duolingo,Education,"Best app in its category, the navigation makes sense.",5,positive
Duolingo,Education,Exactly what I needed. Simple and works perfectly.,5,positive
Duolingo,Education,"The interface is super clean and intuitive, love it!",4,positive
Duolingo,Education,The search is fast and results are always relevant.,4,positive
Duolingo,Education,"The new update broke everything, please revert.",2,negative
Duolingo,Education,"Decent app, could use some UI improvements.",3,neutral
Duolingo,Education,The search is fast and results are always relevant.,5,positive
Duolingo,Education,"Smooth experience, no bugs, highly recommend.",5,positive
Duolingo,Education,The onboarding was seamless and well-designed.,4,positive
Duolingo,Education,Very polished. Updates keep making it better.,5,positive
Duolingo,Education,"Keeps crashing on my device, unusable.",1,negative
Duolingo,Education,"Best app in its category, the navigation makes sense.",4,positive
Duolingo,Education,Beautiful design and very responsive.,4,positive
Duolingo,Education,"Way too many ads, completely ruins the experience.",2,negative
Duolingo,Education,"Decent app, could use some UI improvements.",3,neutral
Duolingo,Education,The search is fast and results are always relevant.,4,positive
Duolingo,Education,"The interface is super clean and intuitive, love it!",4,positive
Duolingo,Education,Exactly what I needed. Simple and works perfectly.,4,positive
Duolingo,Education,Notifications are impossible to configure.,2,negative
Duolingo,Education,Beautiful design and very responsive.,5,positive
Airbnb,Travel,"The new update broke everything, please revert.",1,negative
Airbnb,Travel,"Best app in its category, the navigation makes sense.",4,positive
Airbnb,Travel,"It is okay, does the job but nothing special.",3,neutral
Airbnb,Travel,"Great UX, everything is where you expect it to be.",4,positive
Airbnb,Travel,Beautiful design and very responsive.,5,positive
Airbnb,Travel,"Decent app, could use some UI improvements.",3,neutral
Airbnb,Travel,The onboarding was seamless and well-designed.,4,positive
Airbnb,Travel,"Smooth experience, no bugs, highly recommend.",4,positive
Airbnb,Travel,"The recent redesign made things worse, not better.",1,negative
Airbnb,Travel,"Great UX, everything is where you expect it to be.",5,positive
Airbnb,Travel,"Best app in its category, the navigation makes sense.",4,positive
Airbnb,Travel,"Smooth experience, no bugs, highly recommend.",5,positive
Airbnb,Travel,The onboarding was seamless and well-designed.,4,positive
Airbnb,Travel,The onboarding was seamless and well-designed.,4,positive
Airbnb,Travel,Beautiful design and very responsive.,4,positive
Airbnb,Travel,"Smooth experience, no bugs, highly recommend.",5,positive
Airbnb,Travel,"The interface is super clean and intuitive, love it!",5,positive
Airbnb,Travel,"Great UX, everything is where you expect it to be.",4,positive
Airbnb,Travel,Settings are buried under too many menus.,1,negative
Airbnb,Travel,Exactly what I needed. Simple and works perfectly.,4,positive
Airbnb,Travel,"The interface is super clean and intuitive, love it!",4,positive
Airbnb,Travel,"Best app in its category, the navigation makes sense.",5,positive
Airbnb,Travel,"It is okay, does the job but nothing special.",3,neutral
Airbnb,Travel,"Decent app, could use some UI improvements.",3,neutral
Airbnb,Travel,"The new update broke everything, please revert.",1,negative
Airbnb,Travel,"Keeps crashing on my device, unusable.",2,negative
Airbnb,Travel,"The new update broke everything, please revert.",2,negative
Airbnb,Travel,"Thoughtful design, love the attention to detail.",4,positive
Airbnb,Travel,Very polished. Updates keep making it better.,5,positive
Airbnb,Travel,"Slow loading times, the app freezes constantly.",2,negative
Airbnb,Travel,"Best app in its category, the navigation makes sense.",4,positive
Airbnb,Travel,"Great UX, everything is where you expect it to be.",5,positive
Airbnb,Travel,"Great UX, everything is where you expect it to be.",4,positive
Airbnb,Travel,Good concept but the execution needs work.,3,neutral
Airbnb,Travel,The onboarding was seamless and well-designed.,5,positive
Airbnb,Travel,The search is fast and results are always relevant.,5,positive
Airbnb,Travel,The onboarding was seamless and well-designed.,5,positive
Airbnb,Travel,"Smooth experience, no bugs, highly recommend.",4,positive
Airbnb,Travel,Good concept but the execution needs work.,3,neutral
Airbnb,Travel,"Slow loading times, the app freezes constantly.",2,negative
Airbnb,Travel,"Thoughtful design, love the attention to detail.",5,positive
Airbnb,Travel,Notifications are impossible to configure.,2,negative
Airbnb,Travel,"Great UX, everything is where you expect it to be.",4,positive
Airbnb,Travel,"Smooth experience, no bugs, highly recommend.",4,positive
Airbnb,Travel,The UI looks outdated and cluttered.,1,negative
Airbnb,Travel,Settings are buried under too many menus.,2,negative
Airbnb,Travel,"Keeps crashing on my device, unusable.",1,negative
Airbnb,Travel,"Smooth experience, no bugs, highly recommend.",5,positive
Airbnb,Travel,"The interface is super clean and intuitive, love it!",4,positive
Airbnb,Travel,"Best app in its category, the navigation makes sense.",5,positive
Airbnb,Travel,"Hard to find basic features, navigation is confusing.",1,negative
Airbnb,Travel,Beautiful design and very responsive.,5,positive
Airbnb,Travel,"Way too many ads, completely ruins the experience.",2,negative
Airbnb,Travel,"The recent redesign made things worse, not better.",1,negative
Airbnb,Travel,"Smooth experience, no bugs, highly recommend.",5,positive
Airbnb,Travel,"Great UX, everything is where you expect it to be.",5,positive
Airbnb,Travel,"The interface is super clean and intuitive, love it!",4,positive
Airbnb,Travel,"It is okay, does the job but nothing special.",3,neutral
Airbnb,Travel,"The interface is super clean and intuitive, love it!",5,positive
Airbnb,Travel,"Keeps crashing on my device, unusable.",1,negative
Airbnb,Travel,"Great UX, everything is where you expect it to be.",5,positive
Airbnb,Travel,"Great UX, everything is where you expect it to be.",4,positive
Airbnb,Travel,Notifications are impossible to configure.,2,negative
Airbnb,Travel,Too many steps to do simple things.,2,negative
Airbnb,Travel,"Decent app, could use some UI improvements.",3,neutral
Airbnb,Travel,"Great UX, everything is where you expect it to be.",4,positive
Airbnb,Travel,"Slow loading times, the app freezes constantly.",2,negative
Airbnb,Travel,"Some features are great, others feel unfinished.",3,neutral
Airbnb,Travel,Good concept but the execution needs work.,3,neutral
Airbnb,Travel,Good concept but the execution needs work.,3,neutral
Airbnb,Travel,"Keeps crashing on my device, unusable.",1,negative
Airbnb,Travel,The onboarding was seamless and well-designed.,4,positive
Airbnb,Travel,"The interface is super clean and intuitive, love it!",5,positive
Airbnb,Travel,"The recent redesign made things worse, not better.",1,negative
Airbnb,Travel,Beautiful design and very responsive.,4,positive
Airbnb,Travel,"It is okay, does the job but nothing special.",3,neutral
Airbnb,Travel,"Hard to find basic features, navigation is confusing.",2,negative
Airbnb,Travel,"Keeps crashing on my device, unusable.",2,negative
Airbnb,Travel,"Hard to find basic features, navigation is confusing.",1,negative
Airbnb,Travel,Too many steps to do simple things.,2,negative
Airbnb,Travel,"Smooth experience, no bugs, highly recommend.",4,positive
Airbnb,Travel,"Decent app, could use some UI improvements.",3,neutral
Airbnb,Travel,Exactly what I needed. Simple and works perfectly.,4,positive
Airbnb,Travel,"Thoughtful design, love the attention to detail.",5,positive
Airbnb,Travel,"Slow loading times, the app freezes constantly.",2,negative
Airbnb,Travel,Too many steps to do simple things.,2,negative
Airbnb,Travel,"Thoughtful design, love the attention to detail.",4,positive
Airbnb,Travel,Exactly what I needed. Simple and works perfectly.,4,positive
Airbnb,Travel,Beautiful design and very responsive.,5,positive
Airbnb,Travel,"The new update broke everything, please revert.",2,negative
Airbnb,Travel,"Best app in its category, the navigation makes sense.",4,positive
Airbnb,Travel,Notifications are impossible to configure.,1,negative
Airbnb,Travel,Very polished. Updates keep making it better.,5,positive
Airbnb,Travel,"Works as expected, nothing groundbreaking.",3,neutral
Airbnb,Travel,"Hard to find basic features, navigation is confusing.",2,negative
Airbnb,Travel,Exactly what I needed. Simple and works perfectly.,5,positive
Airbnb,Travel,"Smooth experience, no bugs, highly recommend.",5,positive
Airbnb,Travel,Good concept but the execution needs work.,3,neutral
Airbnb,Travel,The onboarding was seamless and well-designed.,5,positive
Airbnb,Travel,"The interface is super clean and intuitive, love it!",5,positive
Airbnb,Travel,"Thoughtful design, love the attention to detail.",4,positive
Airbnb,Travel,"The interface is super clean and intuitive, love it!",5,positive
Airbnb,Travel,Very polished. Updates keep making it better.,5,positive
Airbnb,Travel,"The interface is super clean and intuitive, love it!",4,positive
Airbnb,Travel,The onboarding was seamless and well-designed.,4,positive
Airbnb,Travel,Exactly what I needed. Simple and works perfectly.,5,positive
Airbnb,Travel,Settings are buried under too many menus.,2,negative
Airbnb,Travel,The UI looks outdated and cluttered.,1,negative
Airbnb,Travel,"Works as expected, nothing groundbreaking.",3,neutral
Airbnb,Travel,"Best app in its category, the navigation makes sense.",5,positive
Airbnb,Travel,"The interface is super clean and intuitive, love it!",5,positive
Airbnb,Travel,The onboarding was seamless and well-designed.,4,positive
Airbnb,Travel,"The recent redesign made things worse, not better.",1,negative
Airbnb,Travel,Exactly what I needed. Simple and works perfectly.,4,positive
Airbnb,Travel,Good concept but the execution needs work.,3,neutral
Airbnb,Travel,Very polished. Updates keep making it better.,4,positive
Airbnb,Travel,"Best app in its category, the navigation makes sense.",5,positive
Airbnb,Travel,Settings are buried under too many menus.,1,negative
Airbnb,Travel,Exactly what I needed. Simple and works perfectly.,5,positive
Airbnb,Travel,"Way too many ads, completely ruins the experience.",1,negative
Airbnb,Travel,"Thoughtful design, love the attention to detail.",4,positive
Airbnb,Travel,"Hard to find basic features, navigation is confusing.",1,negative
Airbnb,Travel,"Hard to find basic features, navigation is confusing.",1,negative
Airbnb,Travel,"Best app in its category, the navigation makes sense.",4,positive
Airbnb,Travel,"Hard to find basic features, navigation is confusing.",2,negative
Airbnb,Travel,Exactly what I needed. Simple and works perfectly.,4,positive
Airbnb,Travel,"Best app in its category, the navigation makes sense.",5,positive
Airbnb,Travel,Notifications are impossible to configure.,2,negative
Airbnb,Travel,"Way too many ads, completely ruins the experience.",2,negative
Airbnb,Travel,"Great UX, everything is where you expect it to be.",4,positive
Airbnb,Travel,Very polished. Updates keep making it better.,4,positive
Airbnb,Travel,"The recent redesign made things worse, not better.",1,negative
Airbnb,Travel,Notifications are impossible to configure.,2,negative
Airbnb,Travel,The UI looks outdated and cluttered.,2,negative
Airbnb,Travel,Good concept but the execution needs work.,3,neutral
Airbnb,Travel,"It is okay, does the job but nothing special.",3,neutral
Airbnb,Travel,"Best app in its category, the navigation makes sense.",4,positive
Airbnb,Travel,"Works as expected, nothing groundbreaking.",3,neutral
Airbnb,Travel,Beautiful design and very responsive.,4,positive
Airbnb,Travel,"Thoughtful design, love the attention to detail.",5,positive
Headspace,Wellness,"It is okay, does the job but nothing special.",3,neutral
Headspace,Wellness,The onboarding was seamless and well-designed.,5,positive
Headspace,Wellness,"Thoughtful design, love the attention to detail.",4,positive
Headspace,Wellness,"Keeps crashing on my device, unusable.",1,negative
Headspace,Wellness,"Thoughtful design, love the attention to detail.",5,positive
Headspace,Wellness,"Best app in its category, the navigation makes sense.",4,positive
Headspace,Wellness,"Smooth experience, no bugs, highly recommend.",5,positive
Headspace,Wellness,The search is fast and results are always relevant.,5,positive
Headspace,Wellness,Good concept but the execution needs work.,3,neutral
Headspace,Wellness,"It is okay, does the job but nothing special.",3,neutral
Headspace,Wellness,The search is fast and results are always relevant.,5,positive
Headspace,Wellness,The search is fast and results are always relevant.,4,positive
Headspace,Wellness,"Smooth experience, no bugs, highly recommend.",4,positive
Headspace,Wellness,"Thoughtful design, love the attention to detail.",4,positive
Headspace,Wellness,"Some features are great, others feel unfinished.",3,neutral
Headspace,Wellness,"Thoughtful design, love the attention to detail.",5,positive
Headspace,Wellness,Exactly what I needed. Simple and works perfectly.,4,positive
Headspace,Wellness,"Thoughtful design, love the attention to detail.",5,positive
Headspace,Wellness,"Thoughtful design, love the attention to detail.",5,positive
Headspace,Wellness,The onboarding was seamless and well-designed.,4,positive
Headspace,Wellness,"Best app in its category, the navigation makes sense.",4,positive
Headspace,Wellness,Very polished. Updates keep making it better.,4,positive
Headspace,Wellness,"Some features are great, others feel unfinished.",3,neutral
Headspace,Wellness,The onboarding was seamless and well-designed.,5,positive
Headspace,Wellness,"The interface is super clean and intuitive, love it!",5,positive
Headspace,Wellness,"Some features are great, others feel unfinished.",3,neutral
Headspace,Wellness,"The interface is super clean and intuitive, love it!",4,positive
Headspace,Wellness,The onboarding was seamless and well-designed.,5,positive
Headspace,Wellness,"Best app in its category, the navigation makes sense.",5,positive
Headspace,Wellness,"Smooth experience, no bugs, highly recommend.",5,positive
Headspace,Wellness,The search is fast and results are always relevant.,5,positive
Headspace,Wellness,"The interface is super clean and intuitive, love it!",5,positive
Headspace,Wellness,Very polished. Updates keep making it better.,5,positive
Headspace,Wellness,Exactly what I needed. Simple and works perfectly.,5,positive
Headspace,Wellness,The onboarding was seamless and well-designed.,5,positive
Headspace,Wellness,"Decent app, could use some UI improvements.",3,neutral
Headspace,Wellness,The onboarding was seamless and well-designed.,4,positive
Headspace,Wellness,"Smooth experience, no bugs, highly recommend.",4,positive
Headspace,Wellness,Good concept but the execution needs work.,3,neutral
Headspace,Wellness,Beautiful design and very responsive.,4,positive
Headspace,Wellness,"Thoughtful design, love the attention to detail.",5,positive
Headspace,Wellness,"Best app in its category, the navigation makes sense.",5,positive
Headspace,Wellness,"The interface is super clean and intuitive, love it!",4,positive
Headspace,Wellness,"Smooth experience, no bugs, highly recommend.",5,positive
Headspace,Wellness,"Decent app, could use some UI improvements.",3,neutral
Headspace,Wellness,"Great UX, everything is where you expect it to be.",4,positive
Headspace,Wellness,"Thoughtful design, love the attention to detail.",4,positive
Headspace,Wellness,The search is fast and results are always relevant.,4,positive
Headspace,Wellness,Too many steps to do simple things.,1,negative
Headspace,Wellness,"Smooth experience, no bugs, highly recommend.",5,positive
Headspace,Wellness,Beautiful design and very responsive.,5,positive
Headspace,Wellness,The onboarding was seamless and well-designed.,5,positive
Headspace,Wellness,"Works as expected, nothing groundbreaking.",3,neutral
Headspace,Wellness,Very polished. Updates keep making it better.,4,positive
Headspace,Wellness,"Smooth experience, no bugs, highly recommend.",4,positive
Headspace,Wellness,"Works as expected, nothing groundbreaking.",3,neutral
Headspace,Wellness,"Best app in its category, the navigation makes sense.",4,positive
Headspace,Wellness,"Some features are great, others feel unfinished.",3,neutral
Headspace,Wellness,"Smooth experience, no bugs, highly recommend.",5,positive
Headspace,Wellness,Very polished. Updates keep making it better.,5,positive
Headspace,Wellness,"Great UX, everything is where you expect it to be.",4,positive
Headspace,Wellness,"Great UX, everything is where you expect it to be.",5,positive
Headspace,Wellness,"The interface is super clean and intuitive, love it!",5,positive
Headspace,Wellness,"Great UX, everything is where you expect it to be.",4,positive
Headspace,Wellness,Exactly what I needed. Simple and works perfectly.,4,positive
Headspace,Wellness,"Best app in its category, the navigation makes sense.",5,positive
Headspace,Wellness,"Thoughtful design, love the attention to detail.",5,positive
Headspace,Wellness,The search is fast and results are always relevant.,4,positive
Headspace,Wellness,"The interface is super clean and intuitive, love it!",5,positive
Headspace,Wellness,The search is fast and results are always relevant.,4,positive
Headspace,Wellness,"The interface is super clean and intuitive, love it!",4,positive
Headspace,Wellness,Beautiful design and very responsive.,5,positive
Headspace,Wellness,"Best app in its category, the navigation makes sense.",5,positive
Headspace,Wellness,"The interface is super clean and intuitive, love it!",5,positive
Headspace,Wellness,Settings are buried under too many menus.,2,negative
Headspace,Wellness,"Great UX, everything is where you expect it to be.",5,positive
Headspace,Wellness,Settings are buried under too many menus.,2,negative
Headspace,Wellness,"Great UX, everything is where you expect it to be.",5,positive
Headspace,Wellness,"Smooth experience, no bugs, highly recommend.",4,positive
Headspace,Wellness,"The interface is super clean and intuitive, love it!",4,positive
Headspace,Wellness,"The interface is super clean and intuitive, love it!",5,positive
Headspace,Wellness,"Decent app, could use some UI improvements.",3,neutral
Headspace,Wellness,Good concept but the execution needs work.,3,neutral
Headspace,Wellness,"The interface is super clean and intuitive, love it!",4,positive
Headspace,Wellness,"The interface is super clean and intuitive, love it!",4,positive
Headspace,Wellness,"Best app in its category, the navigation makes sense.",5,positive
Headspace,Wellness,The search is fast and results are always relevant.,5,positive
Headspace,Wellness,"Great UX, everything is where you expect it to be.",4,positive
Headspace,Wellness,"The interface is super clean and intuitive, love it!",5,positive
Headspace,Wellness,Exactly what I needed. Simple and works perfectly.,5,positive
Headspace,Wellness,"Great UX, everything is where you expect it to be.",5,positive
Headspace,Wellness,"It is okay, does the job but nothing special.",3,neutral
Headspace,Wellness,Very polished. Updates keep making it better.,4,positive
Headspace,Wellness,Exactly what I needed. Simple and works perfectly.,5,positive
Headspace,Wellness,"Smooth experience, no bugs, highly recommend.",5,positive
Headspace,Wellness,"Some features are great, others feel unfinished.",3,neutral
Headspace,Wellness,"Best app in its category, the navigation makes sense.",5,positive
Headspace,Wellness,The search is fast and results are always relevant.,5,positive
Headspace,Wellness,"Works as expected, nothing groundbreaking.",3,neutral
Headspace,Wellness,"The interface is super clean and intuitive, love it!",4,positive
Headspace,Wellness,Exactly what I needed. Simple and works perfectly.,5,positive
Headspace,Wellness,Exactly what I needed. Simple and works perfectly.,4,positive
Headspace,Wellness,Exactly what I needed. Simple and works perfectly.,5,positive
Headspace,Wellness,"Thoughtful design, love the attention to detail.",5,positive
Headspace,Wellness,"The interface is super clean and intuitive, love it!",4,positive
Headspace,Wellness,"It is okay, does the job but nothing special.",3,neutral
Headspace,Wellness,"Decent app, could use some UI improvements.",3,neutral
Headspace,Wellness,"Decent app, could use some UI improvements.",3,neutral
Headspace,Wellness,Exactly what I needed. Simple and works perfectly.,4,positive
Headspace,Wellness,"It is okay, does the job but nothing special.",3,neutral
Headspace,Wellness,"Great UX, everything is where you expect it to be.",4,positive
Headspace,Wellness,"Thoughtful design, love the attention to detail.",5,positive
Headspace,Wellness,"It is okay, does the job but nothing special.",3,neutral
Headspace,Wellness,Beautiful design and very responsive.,4,positive
Headspace,Wellness,"Best app in its category, the navigation makes sense.",5,positive
Headspace,Wellness,"Best app in its category, the navigation makes sense.",5,positive
Headspace,Wellness,"Some features are great, others feel unfinished.",3,neutral
Headspace,Wellness,"The interface is super clean and intuitive, love it!",4,positive
Headspace,Wellness,Very polished. Updates keep making it better.,5,positive
Headspace,Wellness,"Works as expected, nothing groundbreaking.",3,neutral
